-- phpMyAdmin SQL Dump
-- version 4.5.1
-- http://www.phpmyadmin.net
--
-- Client :  127.0.0.1
-- Généré le :  Dim 04 Décembre 2016 à 19:48
-- Version du serveur :  10.1.13-MariaDB
-- Version de PHP :  7.0.8

SET SQL_MODE = "NO_AUTO_VALUE_ON_ZERO";
SET time_zone = "+00:00";


/*!40101 SET @OLD_CHARACTER_SET_CLIENT=@@CHARACTER_SET_CLIENT */;
/*!40101 SET @OLD_CHARACTER_SET_RESULTS=@@CHARACTER_SET_RESULTS */;
/*!40101 SET @OLD_COLLATION_CONNECTION=@@COLLATION_CONNECTION */;
/*!40101 SET NAMES utf8mb4 */;

--
-- Base de données :  `tarfihcom`
--

-- --------------------------------------------------------

--
-- Structure de la table `message`
--

CREATE TABLE `message` (
  `id_message` int(11) NOT NULL,
  `contenu_message` text COLLATE utf8_unicode_ci NOT NULL,
  `date_message` datetime NOT NULL
) ENGINE=InnoDB DEFAULT CHARSET=utf8 COLLATE=utf8_unicode_ci;

--
-- Contenu de la table `message`
--

INSERT INTO `message` (`id_message`, `contenu_message`, `date_message`) VALUES
(1, 'السلام عليكم، هذه رسالة للاختبار لا غير. حظا موفقا', '2016-11-28 16:44:39'),
(2, 'و هذه رسالة اختبار أخرى', '2016-11-28 16:51:24');

-- --------------------------------------------------------

--
-- Structure de la table `publication`
--

CREATE TABLE `publication` (
  `id_publication` int(11) NOT NULL,
  `titre_publication` varchar(255) COLLATE utf8_unicode_ci NOT NULL,
  `description_publication` text COLLATE utf8_unicode_ci NOT NULL
) ENGINE=InnoDB DEFAULT CHARSET=utf8 COLLATE=utf8_unicode_ci;

--
-- Contenu de la table `publication`
--

INSERT INTO `publication` (`id_publication`, `titre_publication`, `description_publication`) VALUES
(1, 'من يشبهك من اللاعبين الأساطير؟', 'ابدأ الاختبار وتعرف من يشبهك من اللاعبين ، ليس في شكله بل في شخصيته وأفعاله'),
(2, 'من يشبهك من الحيوانات؟', 'في هذا الاختبار تعرف على الحيوان الذي يوافق شخصيتك ، من الشراسة إلى القوة مرورا بالذكاء والمكر'),
(3, 'ذكائك من خلال مشوراتك على الفيسبوك؟	', 'منشوراتك تحدد مدى ثقافتك وذكائك اجتز هذا الاختبار واعرف ذكائك'),
(4, 'موهبتك الفطرية', 'شارك في هذا الاختبار لتعرف الموهبة التي ازددت بها ، والتي ربما ضيعتها مع الوقت'),
(5, 'شخصية الأنيمي التي تشبهك؟', 'اعرف شخصية الأنيمي الذي يشبهك من خلال هذا الاختبار'),
(6, 'الرياضة التي قد تصبح بطلا عالميا لو مارستها؟', 'قد تكون النتيجة مخالفة لكل توقعاتك، فما هي هذه الرياضة يا ترى؟'),
(7, 'شبيهك على الفيسبوك؟', 'أحد اصدقائك بالتأكيد يشبهك ، قد يكون صديقا حميميا وقد يكون صديقا بعيدا تعرف على ظلك الواقعي الأن'),
(8, 'مانوع السيارة التي تستحق؟', 'تعرف على السيارة الأكثر ملائمة لشخصيتك من خلال هذا الاختبار'),
(9, 'أي عصر يناسبك أكثر لتعيش فيه؟', 'بلابلابلابلابلابلا'),
(10, 'كم يوما سعيدا عشت منذ أن ولدت؟', 'عشنا مئات أو ألاف الأيام ولكن القليل منها من عشناه بسعادة فكم يوما ياترى؟'),
(11, 'ماذا كنت ستنشر على الفيسبوك لو كنت في الجاهلية؟', 'ماذا؟ أ لم يخطر ببالك قط هذا التساؤل؟ فلتشاركنا هذا الاختبار إذاًً');

-- --------------------------------------------------------

--
-- Structure de la table `publicitaire`
--

CREATE TABLE `publicitaire` (
  `id_publicitaire` int(11) NOT NULL,
  `nom_publicitaire` text COLLATE utf8_unicode_ci NOT NULL,
  `email_publicitaire` text COLLATE utf8_unicode_ci NOT NULL,
  `tel_publicitaire` text COLLATE utf8_unicode_ci NOT NULL,
  `website_publicitaire` text COLLATE utf8_unicode_ci NOT NULL,
  `msg_publicitaire` text COLLATE utf8_unicode_ci NOT NULL,
  `date_publicitaire` datetime NOT NULL
) ENGINE=InnoDB DEFAULT CHARSET=utf8 COLLATE=utf8_unicode_ci;

--
-- Contenu de la table `publicitaire`
--

INSERT INTO `publicitaire` (`id_publicitaire`, `nom_publicitaire`, `email_publicitaire`, `tel_publicitaire`, `website_publicitaire`, `msg_publicitaire`, `date_publicitaire`) VALUES
(1, 'Achraf bellaali', 'achraf.bellaali@gmail.com', '+212637041051', '', 'khawi', '2016-12-03 09:15:44'),
(2, 'Achraf bellaali', 'achraf.bellaali@gmail.com', '', '', 'إنها رسالة اختبار أخرى', '2016-12-03 09:24:12'),
(3, 'أشرف بلعلي', 'achraf.bellaali@gmail.com', '', '', 'آخر اختبار', '2016-12-03 09:26:38'),
(4, 'Achraf bellaali', 'achraf.bellaali@gmail.com', '', '', 'test test another test', '2016-12-03 09:28:10'),
(5, 'fdhhfgg', 'sdhh@rdtjfj.com', '', 'http://www.achrafbellaali.comlu.com/', 'gshdh', '2016-12-03 09:47:45'),
(6, 'fdhhfgg', 'sdhh@rdtjfj.com', '+212637041051', 'http://www.achrafbellaali.comlu.com/', 'ljsdkngv,kbnnxfv;,;b,df,bkdbkbkvdskgjqioejgoaj', '2016-12-03 13:55:11'),
(7, 'szdf', 'fsvsd@exemple.com', '', '', 'fslllsflfol', '2016-12-03 13:58:09'),
(8, 'test name', 'test.mail@mail.com', '', '', 'test test', '2016-12-03 13:59:22'),
(9, 'Achraf bellaali', 'achraf.bellaali@gmail.com', '+212637041051', 'http://www.achrafbellaali.comlu.com/', 'هذا آخر اختبار', '2016-12-03 14:06:54');

-- --------------------------------------------------------

--
-- Structure de la table `resultat`
--

CREATE TABLE `resultat` (
  `id_resultat` int(11) NOT NULL,
  `titre_resultat` varchar(255) COLLATE utf8_unicode_ci NOT NULL,
  `description_resultat` text COLLATE utf8_unicode_ci NOT NULL,
  `id_publication` int(11) NOT NULL
) ENGINE=InnoDB DEFAULT CHARSET=utf8 COLLATE=utf8_unicode_ci;

--
-- Contenu de la table `resultat`
--

INSERT INTO `resultat` (`id_resultat`, `titre_resultat`, `description_resultat`, `id_publication`) VALUES
(1, 'كريستيانو رونالدو', 'يبدو أنك تشبه اللاعب كريستيانو رونالدو تملك شخصية قوية مثله ، وأنت شخص صارم بعض الشيء', 1),
(2, 'ليونيل ميسي', 'إنك مثل اللاعب ميسي شخص هادئ غالب الوقت ، ولكن إذا ظلمك شخص ما فلن ترحمه أبدا', 1),
(3, 'زين الدين زيدان', 'تشبه الاسطورة زيدان، شخص لايسكت أبدا، قد تقوم بنطحة شبيهة باللتي قام بها زيدان في يوم من الأيام', 1),
(4, 'رونالدينهو', 'أنت مثل رولاندينهو ، شخص مستهتر بهض الشيء ، وتخسر الأموال في اللاشيء ، احذر', 1),
(5, 'نيمار دا سيلفا سانطوس جينيور', 'تشبه شخصيتك اللاعب نيمار ، أنت شخص كوميدي كثيرا وتحب الضحك مع أصدقائك', 1),
(6, 'دييغو آرماندو مارادونا', 'هل أنت من أحفاد مارادونا ؟ شخصيتك مثله ، شخص مشاغب كثيرا', 1),
(7, 'بيلي', 'يا إلهي أنا احسدك أنت تشبه الاسطورة بيلي ، شخصية خارقة بكل ما تحمله الكلمة من معنا', 1),
(8, 'بالوتيلي', 'تبا أنت لاتشبه أي أسطورة أنت تشبه بالوتيلي ، شخص مثير للجدل', 1),
(9, 'دافيد بيكهام', 'تشبه بيكهام شخص أنيق مهتم بكل التفاصيل', 1),
(10, 'لا أحد', 'شخصيتك جد معقدة لم نجد أي لاعب يشبهك مارأي أصدقائك بهذا ؟', 1),
(11, 'رونالدو البرازيلي', 'شخص يتعرض للنكبات كثير تشبه الضاهرة رونالدو لويس نازاريو دي ليما', 1),
(12, 'الأسد', 'يا إلاهي تملك شخصية الملك ، الأسد يجري في دمائك', 2),
(13, 'الثعلب', 'ذكي ماكر ، تتحدى وتتجنب المخاطر ثعلب حقيقي', 2),
(14, 'النسر', 'دائما في المقدمة بعيدا عن الكل لاتهتم بالأخرين خصوصا الفاشلين تحلق بعيدا تشبه النسر بحق', 2),
(15, 'النمر', 'النمر هو أنت مراوغ تحلل من حولك ، اعدائك مصيرهم الهزيمة أصدقائك مصيرهم النجاح', 2),
(16, 'الدب', 'الدب يشبهك تماما ، قوي للغاية تابث على مواقفك', 2),
(17, 'الديك', 'تشبه الديك ، تسحر الجميع بتصرفاتك وأخلاقك', 2),
(18, 'الدلفين', 'الدلفين يشبهك أنت ، شخص نشيط ووسيم ، يسامح الأخرين', 2),
(19, 'القرش', 'تشبه القرش ، اصطياد الضعفاء هو هدفك دائما ، تبني مجدك عليهم', 2),
(20, 'التنين', 'تشبه التنين الأسطوري ، ببساطة لأنك شخص أسطوري', 2),
(21, 'واسع الإطلاع', 'من خلال منشوراتك يتضح أنك واسع الإطلاع و ثقافتك متنوعة شاملة لعدة مجالات', 3),
(22, 'الرسم والنحث', 'موهبتك الفطرية هي الرسم والنحث لو كنت تمارسها فأنت ماهر للغاية', 4),
(23, 'الكتابة', 'ازددت بموهبة التعبير ، موهبتك الفطرية هي الكتابة ، كتابة الشعر والقصص وغيرها', 4),
(24, 'المطالعة-جمع الطوابع البريدية', 'موهبتك الفطرية كانت موجودة في المجلات القديمة وفي ركن التعارف وهي المطالعة وجمع الطوابع البريدية', 4),
(25, 'التصوير الفوطوغرافي', 'موهبتك الفطرية الخارقة هي التصوير الفوطوغرافي ، ننصحك بشراء كاميرا وإنشاء صفحة تحت اسمك + فوطوغرافي', 4),
(26, 'العاب القوى', 'موهبتك الفطرية هي العاب القوى ، مارس الجري أو رمي الزانة هناك ستكشف نفسك', 4),
(27, 'التمثيل', 'فنان من صغرك ، أظن انك كنت تخدع والديك وتمثل دور الجائع بالبكاء من أجل أن تأخد حليبا إضافيا ، التمثيل يجري في دمائك', 4),
(28, 'الحاسوب', 'موهبتك الفطرية هي الحاسوب ومواقع التواصل الاجتماعي ، نظن أنك لازلت تحافظ على هذه الموهبة', 4),
(29, 'الطعام', 'موهبتك الفطرية هي الطعام ، كنت سبب في عجز ميزانية والديك في صغرك ، لابد أنك تحصد الأخضر واليابس من المائدة', 4),
(30, 'النوم', 'هل أنت نائم الأن ؟ لأن هاذه موهبتك ، ألى زلت تنام وتحبه ؟ أم أن موهبتك تغييرت', 4),
(31, 'المصارعة', 'موهبتك الفطرية كانت هي المصارعة والشجار والعراك ، ألازلت كما كنت أم تغيرت؟ اصدقائك في الفيسبوك قد يجيبوك', 4),
(32, 'المحقق كونان', 'تشبه كونان الشخصية الذكية ربما أنت ذكي مثله', 5),
(33, 'فريزر', 'تشبه فريزر قد تكون شريرا المرجو أن تصلح نفسك قبل فواة الأوان', 5),
(34, 'الكابتن ماجد', 'تشبه الكابتن ماجد رغم أنك لاتجيد كرة القدم جيدا', 5),
(35, 'ريمي', 'أنت مثل ريمي ، شخص قلبه طيب', 5),
(36, 'ماوكلي فتى الأدغال', 'تشبه ماولكلي ربما تقود ثور ضد البشر ، أنت تتفاهم مع الحيوانات', 5),
(37, 'إيل', 'تشبه إيل يا إلاهي من تكون ؟', 5),
(38, 'غوون', 'تشبه غوون أنت قناص كبير تقنص شيءا ما لانعرفه ربما أصدقائك يعرفونه', 5),
(39, 'حسان', 'أنت شخص تظن نفسك عبقري لأنك تشبه حسان', 5),
(40, 'بيكاتشو', 'تشبه بيكاتشو ، كان من الأفضل ألا تشبه أي شخصية', 5),
(41, 'طومي و جيري', 'تشبه طومي وجيري دفعة واحدة ماهذه الشخصية الغريبة', 5),
(42, 'كرة القدم', 'كرة القدم كنت ستكون مثل زيدان لكن ترددك منعك', 6),
(43, 'السباحة', 'رياضة السباحة اناث قد تكون جيدا للغاية فيها ، اسف ولكن سباحة الرجال لايمكن أن تهزم مايكل فيليبس', 6),
(44, 'الملاكمة', 'هل فكرت يوما في الملاكمة تبادل الكمات ، وضربة قاضية ، ربما كنت الأن فائزا بالضربة القاضية وصديقك يتسغيث', 6),
(45, 'االرقص', 'ربما رياضة الرقص أو بصفة خاصة رقص الباليه حتى لو لم تحبه فإنك كنت ستكون عالميا فيه', 6),
(46, 'الرماية', 'الرماية بأي نوع منها (ليس رماية الازبال بالتأكيد) كنت لتتألق فيها بشكل كبير ، ولكن للأسف يبدو أنك لاتعرف أي نوع منها ، إنسى أن تكون عالميا في الرياضة', 6),
(47, 'الشطرنج', 'ذكائك الخارق الكامن داخلك لن تلائمه إلا رياضة الشطرنج العالمية ، إن لم تكن تمارسها ابدأ من الأن تجاوز الصعاب وكن بطل العالم', 6),
(48, 'كمال الأجسام', 'لاشك أن عضلاتك تدغدغك كثيرا رياضة كمال الاجسام تلائمك ، مكانك مع أصحاب العضلات المشدودة حاملي مئات الكيلوغرامات ، هنيئا لك', 6),
(49, 'ما فاز إلا النوام', 'لاتجيد أي رياضة ولن تكون بطلا عالميا في أي رياضة ، أنت أصلا لم تقم بأي رياضة في حياتك ( ربما باستثناء بعض المباريات التافهة مع أصدقائك )', 6),
(50, 'كرة المضرب', 'روجير فيديرير أم رافاييل نادال أنت ؟ يجب أن تكونوا في نفس المستوى لكن ظروفك خانتك للأسف. حري بك أن تكون لاعب تنس محترف', 6),
(51, 'الدراجات الهوائية', 'كان حلمك في الصغر أن تتعلم كيف تسوق دراجة هوائية ومع الوقت تعلمت ولكن بعد مدة تخليت عن حلمك كنت لتكون دراجا عظيم', 6),
(52, 'مارك زوكربرج', 'ياإلهي ! يبدو أنك ذو حظ عظيم، أنت تشبه مارك زوكربرج نتمنى لك ضربة حظ مثله', 7),
(53, 'الرونو 4', 'للأسف أنت تستحق سيارة الرونو 4، ربما تناسبك كثيرا في السفر ، ولكن لاتيأس فكم من شخص جعل سيارته الرونو 4 أفضل من فيراري ، ربما تكون واحدا منهم', 8),
(54, 'رونو 12', 'حظك مع السيارات ليس جيدا سيارة الرونو 12 ستكون من نصيبك ، أنصحك باقتناء دراجة نارية فهي أفضل', 8),
(55, 'فيراري', 'فيراري العظيمة هي السيارة التي تستحق ، حقا أنت ملهم حتى للسيارات', 8),
(56, 'تبا لاتستحق أي سيارة', 'ولكن من أجل ارضائك نقترح عليك سيارة أجرة', 8),
(57, 'لمبرغيني', 'الشموخ لن يفارقك أبدا عظيم لدرجة أن سيارة اللمبرغيني هي ماتستحق', 8),
(58, 'مرسيدس', 'راق وجذاب ، معاصر وأصيل ، المرسيدس الرهيبة هي لك', 8),
(59, 'هامر', 'عظيم لايقهر سيارتك يجب أن تكون مثلك هامر هي ماتستحق', 8),
(60, 'سيارة عتيقة', 'تقليدي سيارتك أيضا مثلك ، أها من القرن 19 ، للأسف لم نعلم نوعها لكن صورتها تكفي', 8),
(61, 'بيكاب', 'السيارة التي تستحق هي بيكاب هي لاتعجبك لكنها جميلة', 8),
(62, 'تستحقهم جميعا', 'لم نجد السيارة التي تناسبك بصراحة تستحقهم جميعا', 8),
(63, 'العصر الحجري', 'يا للهول! يبدو أنك لا تحسن التعامل مع مستجدات العصر، العصر الحجري هو الأمثل بالنسبة لك', 9),
(64, 'ولا يوم', 'حياتك بؤس و شقاء، حارب اكتئابك قبل أن يقضي عليك', 10),
(65, 'تبا لهم و تباب', 'إنهم يدعون إلى دين جديد، فما نحن فاعلون؟', 11),
(66, 'اسقنا خمرا يا ابن أبي خزشفعة', 'و اللات ما وجدنا بنات كرم ألذ و أشهى من هذه قط', 11);

--
-- Index pour les tables exportées
--

--
-- Index pour la table `message`
--
ALTER TABLE `message`
  ADD PRIMARY KEY (`id_message`);

--
-- Index pour la table `publication`
--
ALTER TABLE `publication`
  ADD PRIMARY KEY (`id_publication`);

--
-- Index pour la table `publicitaire`
--
ALTER TABLE `publicitaire`
  ADD PRIMARY KEY (`id_publicitaire`);

--
-- Index pour la table `resultat`
--
ALTER TABLE `resultat`
  ADD PRIMARY KEY (`id_resultat`);

--
-- AUTO_INCREMENT pour les tables exportées
--

--
-- AUTO_INCREMENT pour la table `message`
--
ALTER TABLE `message`
  MODIFY `id_message` int(11) NOT NULL AUTO_INCREMENT, AUTO_INCREMENT=3;
--
-- AUTO_INCREMENT pour la table `publication`
--
ALTER TABLE `publication`
  MODIFY `id_publication` int(11) NOT NULL AUTO_INCREMENT, AUTO_INCREMENT=15;
--
-- AUTO_INCREMENT pour la table `publicitaire`
--
ALTER TABLE `publicitaire`
  MODIFY `id_publicitaire` int(11) NOT NULL AUTO_INCREMENT, AUTO_INCREMENT=10;
--
-- AUTO_INCREMENT pour la table `resultat`
--
ALTER TABLE `resultat`
  MODIFY `id_resultat` int(11) NOT NULL AUTO_INCREMENT, AUTO_INCREMENT=98;
/*!40101 SET CHARACTER_SET_CLIENT=@OLD_CHARACTER_SET_CLIENT */;
/*!40101 SET CHARACTER_SET_RESULTS=@OLD_CHARACTER_SET_RESULTS */;
/*!40101 SET COLLATION_CONNECTION=@OLD_COLLATION_CONNECTION */;
